{
  "generated_at_utc": "2026-02-14T06:39:58.842163Z",
  "n_rows": 227845,
  "features": {
    "Time": {
      "mean": 94885.0937040532,
      "std": 47488.310821581,
      "q05": 25418.0,
      "q50": 84805.0,
      "q95": 164139.8
    },
    "Amount": {
      "mean": 88.1762977023854,
      "std": 250.722051338745,
      "q05": 0.92,
      "q50": 22.0,
      "q95": 362.7299999999988
    },
    "V1": {
      "mean": 0.0007952909219965246,
      "std": 1.95892123103071,
      "q05": -2.898992259782086,
      "q50": 0.0186915573117941,
      "q95": 2.08154111689295
    },
    "V2": {
      "mean": -0.0004810136871296808,
      "std": 1.649088758537229,
      "q05": -1.9711503830474058,
      "q50": 0.0647457546302912,
      "q95": 1.8062111978112356
    },
    "V3": {
      "mean": -0.0003830223918743661,
      "std": 1.5152890240378212,
      "q05": -2.389913820277996,
      "q50": 0.179858961819187,
      "q95": 2.061513993258297
    },
    "V4": {
      "mean": -1.972239973220739e-05,
      "std": 1.4158639729195952,
      "q05": -2.1937494142084777,
      "q50": -0.0213610887175061,
      "q95": 2.5611182609804413
    },
    "V5": {
      "mean": 0.00017458436851300544,
      "std": 1.3795661679094064,
      "q05": -1.6997387592612578,
      "q50": -0.0547574096377213,
      "q95": 2.099508292990966
    },
    "V6": {
      "mean": -0.0011711861719560283,
      "std": 1.3312147944816186,
      "q05": -1.4072420028028338,
      "q50": -0.274155744617213,
      "q95": 3.1540876026347133
    },
    "V7": {
      "mean": 7.67387573715109e-05,
      "std": 1.2384280190477304,
      "q05": -1.434843361507744,
      "q50": 0.0404198324731304,
      "q95": 1.405093836829331
    },
    "V8": {
      "mean": -0.0004339283969019277,
      "std": 1.1914793452030248,
      "q05": -0.8388133666555263,
      "q50": 0.023218551781995,
      "q95": 1.0464334890177138
    },
    "V9": {
      "mean": 0.0007017569652427178,
      "std": 1.0973488952721522,
      "q05": -1.7620264136185901,
      "q50": -0.0506526086850341,
      "q95": 1.7817224295439877
    },
    "V10": {
      "mean": -0.0003894407751757382,
      "std": 1.086249608477141,
      "q05": -1.338676891154244,
      "q50": -0.0933317436055039,
      "q95": 1.5496447532787134
    },
    "V11": {
      "mean": -0.0007872473742936234,
      "std": 1.0191975175473884,
      "q05": -1.57152735528201,
      "q50": -0.0314193868116703,
      "q95": 1.6121865169240337
    },
    "V12": {
      "mean": 0.0027181278900562447,
      "std": 0.9965068035664201,
      "q05": -1.956748034283646,
      "q50": 0.142380618660729,
      "q95": 1.2419097056475337
    },
    "V13": {
      "mean": -0.000493121683203335,
      "std": 0.9941007139073503,
      "q05": -1.63628932552534,
      "q50": -0.0143479540236512,
      "q95": 1.603932653534872
    },
    "V14": {
      "mean": -5.861749771665661e-05,
      "std": 0.9559910410862281,
      "q05": -1.4384549615598818,
      "q50": 0.0495710986739679,
      "q95": 1.3930488482778574
    },
    "V15": {
      "mean": 0.0007440645245214755,
      "std": 0.9151408180332452,
      "q05": -1.590710880439658,
      "q50": 0.04840005739945,
      "q95": 1.3737146542925622
    },
    "V16": {
      "mean": -0.001069903399770179,
      "std": 0.8742414393221667,
      "q05": -1.490499157408762,
      "q50": 0.0650799747975197,
      "q95": 1.3227787781615712
    },
    "V17": {
      "mean": 0.00039024827920928833,
      "std": 0.8442330909785183,
      "q05": -0.982127138703583,
      "q50": -0.0655496485351115,
      "q95": 1.272999487125094
    },
    "V18": {
      "mean": 5.6236912094208546e-05,
      "std": 0.8388718947637581,
      "q05": -1.357597418264136,
      "q50": -0.0034841002724111,
      "q95": 1.3953208959297236
    },
    "V19": {
      "mean": 0.0006635111865565202,
      "std": 0.8139287921173884,
      "q05": -1.3570478694757981,
      "q50": 0.0053506890019801,
      "q95": 1.2878094278439234
    },
    "V20": {
      "mean": -0.0009989386379944565,
      "std": 0.7708042059508734,
      "q05": -0.5590548075944406,
      "q50": -0.0626058757047481,
      "q95": 0.8324958543362557
    },
    "V21": {
      "mean": 0.0003697418725961339,
      "std": 0.7349609668975223,
      "q05": -0.5040979493061893,
      "q50": -0.029280193706787,
      "q95": 0.5369468781212369
    },
    "V22": {
      "mean": 0.00030270670910118036,
      "std": 0.7257339050476429,
      "q05": -1.0813616063884581,
      "q50": 0.0065991874026585,
      "q95": 1.1299512622738754
    },
    "V23": {
      "mean": 5.038934129837947e-05,
      "std": 0.6274171711557432,
      "q05": -0.47188565083970035,
      "q50": -0.0109828575173659,
      "q95": 0.4890584539776625
    },
    "V24": {
      "mean": -0.00027727715710864427,
      "std": 0.6053203430455328,
      "q05": -1.141557076164296,
      "q50": 0.0407781719769047,
      "q95": 0.8649151478506916
    },
    "V25": {
      "mean": -0.0006553962309823354,
      "std": 0.5212345947817643,
      "q05": -0.8238063426048607,
      "q50": 0.0160808346306451,
      "q95": 0.7580319368025055
    },
    "V26": {
      "mean": 0.00012609535726178784,
      "std": 0.48193802523993684,
      "q05": -0.6976217611857476,
      "q50": -0.0516229080040241,
      "q95": 0.9199569655238184
    },
    "V27": {
      "mean": -7.047339709469762e-05,
      "std": 0.4049330163588507,
      "q05": -0.41464103845439915,
      "q50": 0.0014627356196624,
      "q95": 0.38738729384176684
    },
    "V28": {
      "mean": 0.00015372100000017675,
      "std": 0.32693845957586576,
      "q05": -0.316883696299834,
      "q50": 0.0112213920155359,
      "q95": 0.25674431955367283
    }
  }
}